"ME","RMSE","MAE","MPE","MAPE"
-1.08371324747541,31.3597780023173,20.5155968349442,-1722.16280863835,1743.92215631923
