"","ME","RMSE","MAE","MPE","MAPE"
"Test set",1.06905300443235,45.3152195264137,34.6906774166914,-3252.53192585519,3494.45297421739
