"","ME","RMSE","MAE","MPE","MAPE"
"Test set",-0.503061690206068,62.2515272417709,48.0225911995407,-3188.32462111893,3218.63995830847
