"","ME","RMSE","MAE","MPE","MAPE"
"Test set",1.36508470422634,63.388144200973,49.3313222047122,-2671.8953526042,2735.82964103472
